Released_Year,Runtime,Genre,Meta_score,No_of_Votes,Gross,IMDB_Rating
1994,142,137,80.0,2343110,28341469.0,9.3
1972,175,122,100.0,1620367,134966411.0,9.2
2008,152,22,84.0,2303232,534858444.0,9.0
1974,202,122,90.0,1129952,57300000.0,9.0
1957,96,122,96.0,689845,4360000.0,9.0
2003,201,4,94.0,1642758,377845905.0,8.9
1994,154,122,94.0,1826188,107928762.0,8.9
1993,195,87,94.0,1213505,96898818.0,8.9
2010,148,11,74.0,2067042,292576195.0,8.8
1999,139,137,66.0,1854740,37030102.0,8.8
2001,178,4,92.0,1661481,315544750.0,8.8
1994,142,172,82.0,1809221,330252182.0,8.8
1966,161,201,90.0,688390,6100000.0,8.8
2002,179,4,87.0,1485555,342551365.0,8.7
1999,136,34,73.0,1676426,171479930.0,8.7
1990,146,84,90.0,1020727,46836394.0,8.7
1980,124,6,82.0,1159315,290475067.0,8.7
1975,133,137,83.0,918088,112000000.0,8.7
2019,132,106,96.0,552778,53367844.0,8.6
2014,169,51,74.0,1512360,188020017.0,8.6
2002,130,122,79.0,699256,7563397.0,8.6
2001,125,69,96.0,651376,10055859.0,8.6
1998,169,182,91.0,1235804,216540909.0,8.6
1999,189,123,61.0,1147794,136801374.0,8.6
1997,116,105,59.0,623629,57598247.0,8.6
1995,127,129,65.0,1445096,100125643.0,8.6
1991,118,132,85.0,1270197,130742922.0,8.6
1977,121,6,90.0,1231473,322740140.0,8.6
1954,207,4,98.0,315744,269061.0,8.6
2019,122,132,59.0,939252,335451311.0,8.5
2014,106,162,88.0,717585,13092000.0,8.5
2011,112,83,57.0,760360,13182281.0,8.5
2006,130,169,66.0,1190259,53089891.0,8.5
2006,151,132,85.0,1189773,132384315.0,8.5
2002,150,88,85.0,729603,32572577.0,8.5
2000,155,4,67.0,1341460,187705427.0,8.5
1998,119,137,62.0,1034705,6719864.0,8.5
1995,106,135,77.0,991208,23341568.0,8.5
1994,110,22,64.0,1035236,19501238.0,8.5
1994,88,68,88.0,942045,422783777.0,8.5
1991,137,34,75.0,995506,204843350.0,8.5
1988,155,172,80.0,230763,11990401.0,8.5
1985,116,44,87.0,1058081,210609762.0,8.5
1968,165,201,80.0,302844,5321508.0,8.5
1960,109,194,97.0,604211,32000000.0,8.5
1942,102,175,100.0,522093,1024560.0,8.5
1936,87,101,96.0,217881,163245.0,8.5
1931,87,105,99.0,167839,19181.0,8.5
2018,126,137,75.0,62635,1661096.0,8.4
2016,106,78,79.0,194838,5017246.0,8.4
2018,117,62,87.0,375110,190241310.0,8.4
2019,181,4,78.0,809955,858373000.0,8.4
2018,149,11,68.0,834477,678815482.0,8.4
2017,105,69,81.0,384171,209726015.0,8.4
2012,165,184,81.0,1357682,162805434.0,8.4
2012,164,0,78.0,1516346,448139099.0,8.4
2009,170,100,67.0,344445,6532908.0,8.4
2008,98,69,95.0,999790,223808164.0,8.4
2006,137,170,89.0,358685,11286112.0,8.4
2003,101,27,77.0,515451,707481.0,8.4
2000,113,199,80.0,1125712,25544867.0,8.4
1997,134,62,76.0,343171,2375308.0,8.4
1981,115,0,85.0,884112,248159971.0,8.4
1980,146,158,66.0,898237,44017374.0,8.4
1979,147,171,94.0,606398,83471511.0,8.4
1979,117,195,89.0,787806,78900000.0,8.4
1964,95,93,97.0,450474,275902.0,8.4
1954,112,199,100.0,444074,36764313.0,8.4
2019,119,180,78.0,425844,159227644.0,8.3
2012,115,137,77.0,281623,687185.0,8.3
2011,123,137,95.0,220002,7098492.0,8.3
2010,131,171,80.0,150023,6857096.0,8.3
2009,153,53,69.0,1267869,120540719.0,8.3
2004,108,173,89.0,911664,34400301.0,8.3
2001,122,119,69.0,703810,33225499.0,8.3
2000,104,94,55.0,782001,30328156.0,8.3
2000,102,137,68.0,766870,3635482.0,8.3
1999,122,137,84.0,1069738,130096601.0,8.3
1997,126,172,70.0,861606,138433435.0,8.3
1997,89,141,77.0,65341,933933.0,8.3
1995,81,67,95.0,887429,191796233.0,8.3
1995,178,87,68.0,959181,75600000.0,8.3
1992,99,132,79.0,918562,2832029.0,8.3
1987,116,182,76.0,675146,46357676.0,8.3
1986,137,11,84.0,652719,85160248.0,8.3
1984,160,87,88.0,369007,51973029.0,8.3
1983,170,122,65.0,740911,45598982.0,8.3
1983,131,6,58.0,950470,309125409.0,8.3
1981,149,52,86.0,231855,11487676.0,8.3
1976,114,122,94.0,724636,28262574.0,8.3
1973,129,95,83.0,241513,159600000.0,8.3
1971,136,131,77.0,757904,6207725.0,8.3
1968,149,60,84.0,603517,56954992.0,8.3
1965,132,201,74.0,232772,15000000.0,8.3
1962,228,38,100.0,268085,44824144.0,8.3
1960,125,105,94.0,164363,18600000.0,8.3
1959,136,59,98.0,299198,13275000.0,8.3
1958,128,197,100.0,364368,3200000.0,8.3
1952,103,116,99.0,218957,8819028.0,8.3
1944,107,124,95.0,143525,5720000.0,8.3
1941,119,167,100.0,403351,1585634.0,8.3
1927,153,176,98.0,159992,1236166.0,8.3
2018,130,83,69.0,377884,85080171.0,8.2
2017,115,95,88.0,432610,54513740.0,8.2
2013,87,182,73.0,40382,144501.0,8.2
2009,129,168,80.0,193217,6391436.0,8.2
2011,140,29,71.0,435950,13657115.0,8.2
2010,138,199,63.0,1129894,128012934.0,8.2
2009,96,67,88.0,935507,293004164.0,8.2
2013,180,84,75.0,1187498,116900694.0,8.2
2007,153,141,68.0,74129,1113541.0,8.2
2007,158,137,93.0,517359,40222514.0,8.2
2006,118,148,98.0,618623,37634615.0,8.2
2010,103,67,92.0,757032,415004880.0,8.2
2005,132,28,62.0,1032749,70511035.0,8.2
2005,140,0,70.0,1308302,206852432.0,8.2
2004,156,87,82.0,331308,5509040.0,8.2
2004,119,69,80.0,333915,4711096.0,8.2
2001,135,85,72.0,848920,170742341.0,8.2
1998,107,17,66.0,535216,3897569.0,8.2
1997,138,129,90.0,531967,64616940.0,8.2
1995,170,132,76.0,577113,67436818.0,8.2
1995,178,122,73.0,466276,42438300.0,8.2
1992,130,184,85.0,375935,101157447.0,8.2
1989,127,0,65.0,692366,197171806.0,8.2
1988,86,81,86.0,291180,1105564.0,8.2
1988,132,36,72.0,793164,83008852.0,8.2
1985,162,31,96.0,112505,4135750.0,8.2
1980,129,90,89.0,321860,23383987.0,8.2
1975,91,42,91.0,500875,1229197.0,8.2
1963,172,48,86.0,224730,12100000.0,8.2
1959,121,115,98.0,243943,25000000.0,8.2
1955,118,132,97.0,28810,57226.0,8.2
1954,105,136,75.0,158335,12562.0,8.2
1950,88,129,98.0,152572,96568.0,8.2
1950,138,137,98.0,120539,10177.0,8.2
1948,126,54,98.0,114304,5014000.0,8.2
2019,122,172,95.0,63134,3759854.0,8.1
2016,145,174,84.0,113649,2006788.0,8.1
2014,139,137,74.0,50700,3492754.0,8.1
2017,137,28,77.0,647884,226277068.0,8.1
2015,118,179,86.0,371538,14677674.0,8.1
2014,122,106,77.0,177059,3107072.0,8.1
2014,196,137,88.0,46547,165520.0,8.1
2014,99,39,88.0,707630,59100318.0,8.1
2014,149,170,79.0,859695,167767189.0,8.1
2016,139,87,71.0,435928,67209615.0,8.1
2015,95,67,94.0,616228,356461711.0,8.1
2013,134,87,96.0,640533,56671993.0,8.1
2013,123,16,74.0,432811,26947624.0,8.1
2019,152,16,81.0,291289,117624028.0,8.1
2015,129,84,93.0,420316,45055776.0,8.1
2014,93,68,85.0,51679,857524.0,8.1
2013,153,129,70.0,601149,61002302.0,8.1
2015,120,11,90.0,882316,154058340.0,8.1
2008,116,137,72.0,720450,148095302.0,8.1
2011,130,47,85.0,764493,381011219.0,8.1
2008,130,162,68.0,48582,1498210.0,8.1
2010,98,62,75.0,666773,217581231.0,8.1
2007,148,38,73.0,572921,18354356.0,8.1
2007,122,132,91.0,856916,74283625.0,8.1
2004,132,178,86.0,635975,100492203.0,8.1
2004,121,87,79.0,334320,23530892.0,8.1
2004,140,31,64.0,37820,1111061.0,8.1
2004,80,172,90.0,236311,5820649.0,8.1
2003,131,129,82.0,139558,14131.0,8.1
2003,111,22,69.0,1000639,70099045.0,8.1
2003,100,67,90.0,949565,380843261.0,8.1
2002,141,84,75.0,832846,164615351.0,8.1
2000,154,179,83.0,223741,5383834.0,8.1
2001,92,67,79.0,815505,289916256.0,8.1
2001,224,49,84.0,105036,70147.0,8.1
1999,107,170,64.0,911573,293506292.0,8.1
1998,169,165,58.0,59020,259127.0,8.1
1998,103,100,90.0,939631,125618201.0,8.1
1998,127,97,73.0,50862,348660.0,8.1
1998,117,98,71.0,732620,17498804.0,8.1
2000,98,172,85.0,124383,2734044.0,8.1
1996,93,137,83.0,634716,16501785.0,8.1
1996,98,132,85.0,617444,24611975.0,8.1
1995,101,172,77.0,272291,5535405.0,8.1
1994,99,168,100.0,90729,4043686.0,8.1
1994,102,95,77.0,63122,600200.0,8.1
1993,127,11,68.0,867615,402453882.0,8.1
1993,133,84,84.0,156842,25010410.0,8.1
1989,128,100,79.0,425457,95860116.0,8.1
1986,89,46,75.0,363401,52287414.0,8.1
1986,120,182,92.0,381222,138530565.0,8.1
1984,145,137,78.0,91188,2181987.0,8.1
1984,117,70,86.0,150924,495770.0,8.1
1982,109,193,57.0,371271,13782838.0,8.1
1982,95,145,47.0,76081,22244207.0,8.1
1982,188,137,100.0,57784,4971340.0,8.1
1982,117,35,84.0,693827,32868943.0,8.1
1979,94,93,77.0,367250,20045115.0,8.1
1978,183,182,86.0,311361,48979328.0,8.1
1976,120,178,70.0,518546,117235247.0,8.1
1974,130,170,92.0,294230,29000000.0,8.1
1973,102,95,77.0,42285,30933743.0,8.1
1967,127,122,92.0,161984,16217773.0,8.1
1966,121,182,96.0,53089,55908.0,8.1
1962,134,161,75.0,50058,4050000.0,8.1
1959,212,48,90.0,219466,74700000.0,8.1
1957,161,53,87.0,203463,44908000.0,8.1
1954,108,132,91.0,142107,9600000.0,8.1
1951,111,149,72.0,31568,3969893.0,8.1
1949,104,190,97.0,158731,449191.0,8.1
1940,99,105,96.0,28450,203300.0,8.1
1940,130,168,86.0,123942,4360000.0,8.1
1939,129,100,73.0,107017,9600000.0,8.1
1939,238,155,97.0,290074,198676459.0,8.1
1934,105,119,87.0,94016,4360000.0,8.1
2016,128,103,94.0,505918,151101803.0,8.0
2016,118,85,69.0,213970,51739495.0,8.0
2015,144,51,80.0,760094,228433663.0,8.0
2016,108,67,78.0,434143,341268248.0,8.0
2013,137,68,89.0,38746,1506975.0,8.0
2017,113,138,66.0,141923,132422809.0,8.0
2019,154,165,65.0,31886,5566534.0,8.0
2013,96,137,82.0,81770,1010414.0,8.0
2014,150,24,71.0,114316,2625803.0,8.0
2014,114,91,73.0,685201,91125683.0,8.0
2014,121,2,76.0,1043455,333176600.0,8.0
2017,164,27,81.0,461823,92054159.0,8.0
2013,126,173,90.0,540772,25568251.0,8.0
2018,134,88,49.0,450349,216428042.0,8.0
2015,156,4,76.0,705589,183637894.0,8.0
2012,103,172,67.0,462252,17738570.0,8.0
2010,115,22,71.0,79200,100119.0,8.0
2010,118,87,88.0,639603,138797449.0,8.0
2011,146,137,62.0,428521,169708112.0,8.0
2016,108,2,65.0,902669,363070709.0,8.0
2009,119,167,87.0,45803,106662.0,8.0
2010,165,137,50.0,98575,4018695.0,8.0
2008,120,172,84.0,798882,141319928.0,8.0
2010,108,179,79.0,699673,106954678.0,8.0
2007,115,22,33.0,98097,8060.0,8.0
2012,143,11,69.0,1260806,623279547.0,8.0
2007,96,72,90.0,88656,4445756.0,8.0
2013,117,85,80.0,441614,27298285.0,8.0
2006,117,85,64.0,448930,163566459.0,8.0
2006,143,52,64.0,499439,57366262.0,8.0
2007,115,33,85.0,604694,227471070.0,8.0
2004,88,130,72.0,50610,238507.0,8.0
2005,124,136,74.0,738512,74103820.0,8.0
2007,112,85,92.0,103284,5990075.0,8.0
2007,111,67,96.0,641645,206445654.0,8.0
2006,144,12,80.0,582239,167445960.0,8.0
2004,137,24,83.0,683900,66208183.0,8.0
2003,110,137,82.0,42399,502028.0,8.0
2003,103,172,85.0,77520,2380788.0,8.0
2014,126,85,74.0,77554,2086345.0,8.0
2005,144,87,69.0,176151,61649911.0,8.0
2003,186,104,54.0,63460,1787378.0,8.0
2002,101,22,75.0,117857,169659.0,8.0
2003,143,6,63.0,1015122,305413918.0,8.0
2003,125,47,58.0,415218,66257002.0,8.0
2004,115,62,90.0,657047,261441092.0,8.0
2003,178,122,60.0,137963,1530386.0,8.0
2001,113,169,88.0,740086,1480006.0,8.0
1999,188,137,77.0,289742,22455976.0,8.0
2000,140,128,61.0,102285,4184036.0,8.0
1999,112,85,86.0,82002,6203044.0,8.0
1998,105,137,82.0,78341,1647780.0,8.0
1998,110,137,80.0,36419,5595428.0,8.0
1999,86,62,85.0,172083,23159305.0,8.0
1996,135,137,84.0,86838,24475416.0,8.0
1996,136,100,91.0,37564,13417292.0,8.0
1995,129,198,74.0,578443,57141459.0,8.0
1995,83,63,76.0,129231,515905.0,8.0
1993,76,81,82.0,300208,75082668.0,8.0
1993,101,111,72.0,577991,70906973.0,8.0
1993,180,122,47.0,28825,4496583.0,8.0
1992,156,137,59.0,263918,63895607.0,8.0
1992,90,67,86.0,373845,217350219.0,8.0
1991,189,156,72.0,142110,70405498.0,8.0
1991,84,81,95.0,417178,218967620.0,8.0
1990,181,54,72.0,240266,184208848.0,8.0
1989,120,100,93.0,89429,27545445.0,8.0
1988,133,137,65.0,473064,178800000.0,8.0
1987,98,55,77.0,393899,30857814.0,8.0
1987,128,147,79.0,64722,3333969.0,8.0
1987,104,182,88.0,31163,4542825.0,8.0
1984,107,34,84.0,799795,38400000.0,8.0
1982,191,87,79.0,217664,52767889.0,8.0
1979,130,100,83.0,65625,30177511.0,8.0
1977,93,119,92.0,251823,39200000.0,8.0
1975,124,61,87.0,543388,260000000.0,8.0
1975,125,84,86.0,235652,50000000.0,8.0
1974,106,93,80.0,143359,86300000.0,8.0
1973,151,84,58.0,121627,53267000.0,8.0
1973,122,192,81.0,362393,232906145.0,8.0
1971,118,172,93.0,42456,29133000.0,8.0
1971,181,140,67.0,39491,80500000.0,8.0
1970,113,137,100.0,27067,541940.0,8.0
1969,110,84,66.0,201888,102308889.0,8.0
1968,112,60,79.0,165167,33395426.0,8.0
1967,106,105,83.0,253676,104945305.0,8.0
1965,172,86,63.0,205425,163214286.0,8.0
1965,197,175,69.0,69903,111722000.0,8.0
1964,99,32,65.0,198219,14500000.0,8.0
1963,138,137,91.0,108844,50690.0,8.0
1961,134,178,90.0,75067,8284000.0,8.0
1960,174,100,95.0,66621,19516000.0,8.0
1959,141,32,93.0,56305,12535000.0,8.0
1959,161,129,95.0,59847,11900000.0,8.0
1958,95,124,99.0,98431,2237659.0,8.0
1958,108,137,84.0,45062,17570324.0,8.0
1955,92,124,99.0,81980,654000.0,8.0
1951,122,137,97.0,99182,8000000.0,8.0
1946,170,175,93.0,57259,23650000.0,8.0
1941,100,189,96.0,148928,2108060.0,8.0
1940,129,152,96.0,85559,55000.0,8.0
1939,102,55,92.0,371379,2076020.0,8.0
1930,152,182,91.0,57318,3270000.0,8.0
1925,75,156,97.0,53054,50970.0,8.0
2019,130,95,82.0,454203,165359751.0,7.9
2018,121,122,93.0,62754,3313513.0,7.9
2019,137,105,94.0,246644,2000000.0,7.9
2017,132,172,93.0,212651,18095701.0,7.9
2016,100,137,78.0,53818,258168.0,7.9
2018,101,67,82.0,139114,32015231.0,7.9
2016,101,40,81.0,111483,5202582.0,7.9
2016,118,100,72.0,189400,5875006.0,7.9
2016,106,103,79.0,85109,3237118.0,7.9
2017,130,2,74.0,587775,315058289.0,7.9
2014,117,132,76.0,466134,32381218.0,7.9
2019,108,107,58.0,297918,349555.0,7.9
2016,116,176,81.0,594181,100546139.0,7.9
2015,138,11,80.0,860823,936662225.0,7.9
2013,109,172,94.0,141457,8114627.0,7.9
2014,132,11,75.0,659763,233921534.0,7.9
2011,157,122,82.0,41995,138730.0,7.9
2011,100,105,89.0,230624,44671682.0,7.9
2014,113,11,71.0,600004,100206256.0,7.9
2012,127,172,94.0,93090,6739492.0,7.9
2019,209,84,94.0,324720,7000000.0,7.9
2009,155,122,90.0,93560,2084637.0,7.9
2009,97,169,67.0,335152,5009677.0,7.9
2008,114,123,82.0,205609,2122065.0,7.9
2009,112,35,81.0,638202,115646235.0,7.9
2008,109,178,80.0,289415,26236603.0,7.9
2014,165,137,100.0,335533,25379975.0,7.9
2007,113,137,97.0,56625,1185783.0,7.9
2009,127,11,82.0,577336,257730019.0,7.9
2008,107,95,67.0,390334,7757130.0,7.9
2006,141,4,89.0,154011,13756082.0,7.9
2006,117,47,64.0,107290,2280348.0,7.9
2012,127,47,79.0,580708,124987023.0,7.9
2009,87,67,83.0,199696,21002919.0,7.9
2004,97,162,56.0,57430,3635164.0,7.9
2008,126,11,79.0,939644,318412101.0,7.9
2004,99,112,76.0,512249,13542874.0,7.9
2003,138,129,84.0,419420,90135191.0,7.9
2004,142,55,82.0,552493,249358727.0,7.9
2002,120,7,85.0,173999,53710019.0,7.9
2002,112,168,86.0,104691,9284265.0,7.9
2001,98,107,84.0,44618,1059830.0,7.9
2001,115,63,61.0,42897,1000045.0,7.9
2002,119,33,68.0,508771,121661683.0,7.9
2000,114,132,80.0,49721,1221261.0,7.9
2006,109,51,84.0,465113,35552383.0,7.9
2000,122,40,90.0,252586,32534850.0,7.9
2001,147,170,85.0,322031,7220243.0,7.9
1999,92,67,88.0,527512,245852179.0,7.9
1997,155,137,85.0,239473,26400640.0,7.9
1994,102,122,77.0,31590,2201126.0,7.9
1993,119,130,59.0,206918,12281500.0,7.9
1993,94,164,85.0,89836,1324974.0,7.9
1993,144,132,65.0,201000,36948322.0,7.9
1990,105,147,74.0,447368,56362352.0,7.9
1989,103,85,97.0,68076,14743391.0,7.9
1989,104,100,77.0,54670,18254702.0,7.9
1987,119,132,79.0,281842,76270454.0,7.9
1986,107,100,90.0,67176,40084041.0,7.9
1985,132,176,84.0,187567,9929135.0,7.9
1984,82,113,92.0,128812,188751.0,7.9
1983,93,108,77.0,132947,20605209.0,7.9
1980,133,2,60.0,183182,57229890.0,7.9
1979,96,105,83.0,131436,45700000.0,7.9
1979,123,163,72.0,28223,37823676.0,7.9
1978,127,8,71.0,111512,5100000.0,7.9
1976,138,87,84.0,103031,70600000.0,7.9
1973,114,47,76.0,37183,61001.0,7.9
1972,102,93,93.0,38737,198809.0,7.9
1970,172,92,91.0,93741,61700000.0,7.9
1969,145,14,97.0,77401,12064472.0,7.9
1968,96,196,89.0,116557,89029.0,7.9
1967,110,129,75.0,67804,24379978.0,7.9
1963,113,118,83.0,68689,13474588.0,7.9
1960,197,38,87.0,124339,30000000.0,7.9
1952,85,181,89.0,97222,9450000.0,7.9
1951,101,134,88.0,123341,7630000.0,7.9
1947,96,101,88.0,41625,2650000.0,7.9
1946,102,151,100.0,92306,10464000.0,7.9
1938,102,10,97.0,47175,3981000.0,7.9
1933,100,58,90.0,78991,10000000.0,7.9
2016,124,137,85.0,51240,2402067.0,7.8
2017,106,26,94.0,555092,188373161.0,7.8
2016,127,87,74.0,200876,169607287.0,7.8
2017,103,41,88.0,61594,40442052.0,7.8
2016,101,62,84.0,118035,48023088.0,7.8
2016,137,137,96.0,246963,47695120.0,7.8
2015,100,157,75.0,35539,435266.0,7.8
2016,133,11,65.0,556608,532177324.0,7.8
2016,147,11,75.0,663649,408084349.0,7.8
2015,168,129,68.0,517059,54117416.0,7.8
2019,135,172,91.0,143250,108101214.0,7.8
2017,94,71,62.0,50778,6735118.0,7.8
2013,130,167,85.0,45002,1330596.0,7.8
2013,141,137,86.0,81125,2852400.0,7.8
2013,104,172,76.0,50523,4231500.0,7.8
2014,102,62,74.0,410983,222527828.0,7.8
2013,123,102,55.0,303032,15322921.0,7.8
2013,126,72,83.0,73690,5209580.0,7.8
2019,100,67,84.0,203177,434038008.0,7.8
2013,131,129,49.0,108399,85433.0,7.8
2012,94,105,84.0,318789,45512466.0,7.8
2014,102,62,76.0,305611,177002924.0,7.8
2015,130,83,81.0,362942,70259870.0,7.8
2010,144,22,67.0,111252,128392.0,7.8
2011,158,129,71.0,423010,102515793.0,7.8
2013,134,37,82.0,421244,107100855.0,7.8
2015,147,87,72.0,179264,161197785.0,7.8
2009,129,129,79.0,52758,547292.0,7.8
2013,161,56,66.0,601408,258366855.0,7.8
2009,144,154,82.0,68715,2222647.0,7.8
2009,152,129,76.0,208994,10095170.0,7.8
2010,116,90,79.0,340584,93617009.0,7.8
2008,90,36,51.0,564791,145000989.0,7.8
2008,94,157,55.0,190748,9030581.0,7.8
2007,86,165,88.0,110656,9439923.0,7.8
2012,169,56,58.0,757377,303003568.0,7.8
2007,122,137,85.0,30827,741283.0,7.8
2007,123,168,85.0,251370,50927067.0,7.8
2011,100,122,78.0,571571,35061555.0,7.8
2007,157,84,76.0,392449,130164645.0,7.8
2009,162,6,83.0,1118998,760507625.0,7.8
2009,141,147,63.0,216421,3600.0,7.8
2006,139,4,68.0,291018,50866635.0,7.8
2006,101,100,80.0,439856,59891098.0,7.8
2007,121,19,81.0,463466,23637265.0,7.8
2008,166,147,70.0,589160,127509326.0,7.8
2004,192,140,67.0,49050,2921738.0,7.8
2005,94,95,51.0,45717,1305.0,7.8
2005,129,172,82.0,258924,38405088.0,7.8
2005,127,90,68.0,51980,5128124.0,7.8
2003,90,67,73.0,31658,128985.0,7.8
2005,119,11,74.0,283310,25514517.0,7.8
2005,136,88,72.0,234207,119519402.0,7.8
2003,113,137,61.0,35682,15280.0,7.8
2004,123,172,53.0,520284,81001787.0,7.8
2004,126,38,75.0,96703,16756372.0,7.8
2002,109,122,82.0,42673,181655.0,7.8
2003,80,74,91.0,50622,7002255.0,7.8
2002,131,4,61.0,129022,54234062.0,7.8
2001,99,78,83.0,60684,2892011.0,7.8
2000,113,90,48.0,198089,115654751.0,7.8
2000,120,6,94.0,253228,128078872.0,7.8
1999,101,137,87.0,89058,8264530.0,7.8
2000,143,50,73.0,524235,233632142.0,7.8
1999,108,24,44.0,227143,25812.0,7.8
1999,157,91,84.0,159886,28965197.0,7.8
1999,108,86,71.0,82855,32481825.0,7.8
2001,90,67,84.0,613941,267665011.0,7.8
1997,194,172,75.0,1046089,659325379.0,7.8
1997,106,177,64.0,280845,12339633.0,7.8
1997,129,27,61.0,345096,48323648.0,7.8
1996,159,137,76.0,62428,4040691.0,7.8
1994,127,83,70.0,164937,5887457.0,7.8
1993,118,137,73.0,215034,9170214.0,7.8
1993,130,16,50.0,126871,56505065.0,7.8
1993,101,101,55.0,78963,32416586.0,7.8
1993,134,172,84.0,66065,22954968.0,7.8
1993,132,100,84.0,34635,1769305.0,7.8
1993,130,22,87.0,267684,183875760.0,7.8
1993,121,130,80.0,128171,17266971.0,7.8
1991,129,100,68.0,55362,2015810.0,7.8
1991,98,145,86.0,42376,1999955.0,7.8
1991,112,122,76.0,126082,57504069.0,7.8
1990,107,179,75.0,184740,61276872.0,7.8
1990,121,85,74.0,125276,52096475.0,7.8
1989,122,87,78.0,122779,26830000.0,7.8
1989,108,44,57.0,481918,118500000.0,7.8
1988,128,125,65.0,88214,34603943.0,7.8
1987,107,11,45.0,371387,59735548.0,7.8
1987,84,18,72.0,148359,5923044.0,7.8
1986,103,93,61.0,321382,70136369.0,7.8
1986,107,95,75.0,47834,1436000.0,7.8
1985,114,41,62.0,244430,61503218.0,7.8
1985,154,137,78.0,78321,98467863.0,7.8
1985,97,100,66.0,357026,45875171.0,7.8
1984,141,87,76.0,51585,34700291.0,7.8
1984,105,18,71.0,355413,238632124.0,7.8
1983,193,38,91.0,56235,21500000.0,7.8
1982,109,95,73.0,88511,2500000.0,7.8
1982,115,186,91.0,372490,435110554.0,7.8
1979,105,137,77.0,133351,106260000.0,7.8
1976,135,201,69.0,65659,31800000.0,7.8
1974,113,170,85.0,98611,4420000.0,7.8
1973,72,82,73.0,25229,193817.0,7.8
1973,143,132,80.0,37445,16056255.0,7.8
1972,124,163,80.0,48334,42765000.0,7.8
1971,100,185,67.0,178731,4000000.0,7.8
1969,113,137,79.0,101124,44785053.0,7.8
1967,108,200,81.0,27733,17550741.0,7.8
1967,108,100,63.0,39642,56700000.0,7.8
1964,170,140,95.0,86525,72000000.0,7.8
1964,139,109,88.0,158029,102272727.0,7.8
1962,178,26,75.0,52141,39100000.0,7.8
1961,100,192,88.0,27007,2616000.0,7.8
1935,75,160,95.0,43542,4360000.0,7.8
2017,104,172,85.0,25198,335609.0,7.7
2018,119,2,66.0,478586,324591735.0,7.7
2017,107,129,73.0,205444,33800859.0,7.7
2017,104,194,85.0,492851,176040665.0,7.7
2018,147,12,86.0,291257,220159104.0,7.7
2015,116,105,70.0,47444,3358518.0,7.7
2014,86,112,76.0,157498,3333000.0,7.7
2014,103,77,72.0,32798,765127.0,7.7
2014,123,89,72.0,404182,35893537.0,7.7
2014,129,2,60.0,590440,128261724.0,7.7
2014,126,172,69.0,344312,124872350.0,7.7
2015,105,100,74.0,123210,6743776.0,7.7
2014,119,100,87.0,580291,42340598.0,7.7
2013,180,172,89.0,138741,2199675.0,7.7
2013,130,178,40.0,32628,1122527.0,7.7
2012,111,165,70.0,39379,175058.0,7.7
2014,136,11,70.0,736182,259766572.0,7.7
2013,115,40,87.0,112298,17654912.0,7.7
2012,101,67,72.0,380195,189422889.0,7.7
2015,108,68,70.0,56720,1339152.0,7.7
2011,98,137,52.0,77071,71177.0,7.7
2011,96,111,81.0,388089,56816662.0,7.7
2014,100,62,83.0,323982,257760692.0,7.7
2013,91,177,96.0,769145,274092705.0,7.7
2013,132,11,72.0,463188,228778661.0,7.7
2015,137,182,79.0,73964,83861.0,7.7
2010,120,85,95.0,624982,96962694.0,7.7
2011,131,11,65.0,645512,146408305.0,7.7
2009,100,93,73.0,717559,277322503.0,7.7
2012,143,12,81.0,630614,304360277.0,7.7
2012,122,105,81.0,661871,132092958.0,7.7
2012,120,91,86.0,572581,136025503.0,7.7
2009,95,105,76.0,472242,32391374.0,7.7
2010,146,55,65.0,479120,295983305.0,7.7
2008,101,67,86.0,125317,15090400.0,7.7
2008,122,87,80.0,103330,18593156.0,7.7
2006,90,78,81.0,71379,881302.0,7.7
2008,141,84,63.0,239203,35739802.0,7.7
2010,90,105,45.0,81446,1752214.0,7.7
2006,101,122,86.0,115576,327919.0,7.7
2014,108,177,78.0,474141,25442958.0,7.7
2006,120,137,78.0,32001,412544.0,7.7
2006,123,87,74.0,175355,17605861.0,7.7
2007,157,129,78.0,466080,33080084.0,7.7
2006,110,22,53.0,299524,22494487.0,7.7
2005,116,153,70.0,28003,1054361.0,7.7
2007,122,88,78.0,61609,871577.0,7.7
2010,100,67,71.0,405922,200821936.0,7.7
2006,145,180,71.0,72643,4398392.0,7.7
2005,134,172,87.0,323103,83043761.0,7.7
2007,122,22,76.0,288797,53606916.0,7.7
2004,112,132,66.0,419483,54580300.0,7.7
2004,99,18,78.0,127250,17108591.0,7.7
2004,108,33,73.0,434841,176241941.0,7.7
2004,101,179,61.0,358432,1082715.0,7.7
2004,152,88,73.0,138356,75331600.0,7.7
2003,102,100,89.0,415074,44585453.0,7.7
2005,157,55,81.0,548619,290013036.0,7.7
2004,146,22,47.0,329592,77911774.0,7.7
2009,100,77,80.0,197761,75286229.0,7.7
2003,154,25,55.0,400049,111110575.0,7.7
2002,114,137,83.0,25938,4890878.0,7.7
2003,121,105,68.0,137981,4064200.0,7.7
2002,105,137,76.0,40403,15539266.0,7.7
2001,132,137,28.0,142863,40311852.0,7.7
2002,115,100,83.0,178565,22245861.0,7.7
2001,144,157,74.0,364254,108638745.0,7.7
2002,117,132,72.0,246840,104454762.0,7.7
2001,120,179,60.0,90842,141072.0,7.7
2000,110,162,74.0,126770,21995263.0,7.7
2001,95,103,85.0,31957,3029081.0,7.7
2001,116,136,74.0,516372,183417150.0,7.7
2000,103,65,62.0,29210,151086.0,7.7
2000,107,39,69.0,286742,45512588.0,7.7
1999,81,75,73.0,192112,52037603.0,7.7
1999,89,93,68.0,241575,10824921.0,7.7
1998,134,100,81.0,66408,2807390.0,7.7
2001,122,132,69.0,390247,76631907.0,7.7
1998,93,105,86.0,169229,17105219.0,7.7
1999,113,102,90.0,312542,22858926.0,7.7
1997,139,105,67.0,275755,148478011.0,7.7
1997,126,11,52.0,434125,63540020.0,7.7
1998,80,93,73.0,37424,4065116.0,7.7
1997,127,84,76.0,279318,41909762.0,7.7
1996,105,88,87.0,51350,35811509.0,7.7
1996,129,129,47.0,189716,56116183.0,7.7
1995,97,139,83.0,32236,10019307.0,7.7
1994,108,83,81.0,33600,21848932.0,7.7
1994,92,93,70.0,211450,3151130.0,7.7
1993,188,100,79.0,42275,6110979.0,7.7
1993,125,137,66.0,224169,77324422.0,7.7
1992,85,101,64.0,50298,27281507.0,7.7
1992,202,87,73.0,85819,48169908.0,7.7
1992,112,4,76.0,150409,75505856.0,7.7
1992,100,129,82.0,95826,10725228.0,7.7
1992,138,179,62.0,235388,141340178.0,7.7
1991,130,137,64.0,66941,82418501.0,7.7
1991,116,106,69.0,113240,6153939.0,7.7
1990,115,132,66.0,125822,5080409.0,7.7
1988,104,67,83.0,182009,156452370.0,7.7
1987,107,100,84.0,40396,1544889.0,7.7
1987,163,87,76.0,94326,43984230.0,7.7
1987,153,26,62.0,115677,22238696.0,7.7
1986,130,129,54.0,102031,7153487.0,7.7
1986,120,170,76.0,181285,8551228.0,7.7
1985,82,111,75.0,47102,10631333.0,7.7
1985,97,95,90.0,59635,10600000.0,7.7
1982,129,137,77.0,36096,54000000.0,7.7
1982,113,11,67.0,112704,78912963.0,7.7
1982,93,0,61.0,226541,47212904.0,7.7
1980,124,137,86.0,47099,54800000.0,7.7
1980,88,93,78.0,214882,83400000.0,7.7
1978,91,196,87.0,233106,47000000.0,7.7
1976,126,179,71.0,39889,1924733.0,7.7
1974,93,121,73.0,125993,119500000.0,7.7
1973,130,84,87.0,109941,29800000.0,7.7
1973,102,22,83.0,96561,25000000.0,7.7
1972,109,52,80.0,98740,7056013.0,7.7
1971,104,22,94.0,110075,15630710.0,7.7
1971,102,24,90.0,143292,35900000.0,7.7
1968,105,93,86.0,31572,44527234.0,7.7
1967,150,13,73.0,67183,45300000.0,7.7
1966,120,87,72.0,31222,28350000.0,7.7
1964,110,12,87.0,174119,51081062.0,7.7
1963,119,159,90.0,171739,11403529.0,7.7
1960,128,14,74.0,87719,4905000.0,7.7
1960,90,158,90.0,27620,52709.0,7.7
1951,105,50,91.0,71481,536118.0,7.7
1940,125,81,96.0,88662,76408097.0,7.7
2018,102,170,71.0,140840,26020957.0,7.6
2019,161,100,83.0,551309,142502728.0,7.6
2017,127,137,86.0,29765,566356.0,7.6
2017,111,137,92.0,95181,5904366.0,7.6
2017,101,137,60.0,99643,24801212.0,7.6
2019,97,40,70.0,66346,13122642.0,7.6
2015,97,137,83.0,35785,845464.0,7.6
2017,136,2,67.0,569974,389813101.0,7.6
2017,113,22,86.0,439406,107825862.0,7.6
2017,134,16,72.0,58371,18340051.0,7.6
2015,142,156,81.0,287659,72313754.0,7.6
2018,118,62,80.0,250057,608581744.0,7.6
2016,107,67,81.0,272784,248757044.0,7.6
2015,121,22,82.0,371291,46889293.0,7.6
2015,133,178,82.0,247666,109767581.0,7.6
2014,140,122,92.0,49397,1092800.0,7.6
2016,102,22,88.0,204175,26862450.0,7.6
2013,98,83,77.0,94212,37707719.0,7.6
2014,130,4,79.0,411599,208545589.0,7.6
2011,101,36,73.0,190531,4105123.0,7.6
2012,109,22,68.0,228132,41003371.0,7.6
2010,94,69,80.0,80939,19202743.0,7.6
2018,136,165,88.0,334312,215288866.0,7.6
2010,110,184,80.0,311822,171243005.0,7.6
2010,118,172,65.0,38491,1008098.0,7.6
2010,95,73,72.0,500851,251513985.0,7.6
2011,100,105,72.0,315426,35014192.0,7.6
2010,117,17,66.0,524081,48071303.0,7.6
2011,133,90,87.0,369529,75605492.0,7.6
2011,120,161,70.0,138959,3185812.0,7.6
2009,88,42,73.0,520041,75590286.0,7.6
2009,128,9,57.0,583158,209028679.0,7.6
2009,129,90,53.0,293266,255959475.0,7.6
2007,104,137,79.0,41544,9422422.0,7.6
2008,123,137,36.0,286770,69951824.0,7.6
2007,100,22,82.0,227760,17114882.0,7.6
2007,127,55,66.0,255036,38634938.0,7.6
2009,71,69,81.0,31779,686383.0,7.6
2006,129,129,76.0,339757,88513495.0,7.6
2007,114,129,72.0,250590,20300218.0,7.6
2007,140,88,66.0,82781,10301706.0,7.6
2006,104,16,70.0,72863,24633730.0,7.6
2006,110,146,68.0,354728,39868642.0,7.6
2004,90,132,52.0,49728,6013.0,7.6
2009,153,5,78.0,474827,301959197.0,7.6
2006,117,25,52.0,732876,210614939.0,7.6
2005,124,174,72.0,206294,23089926.0,7.6
2009,162,27,56.0,500799,107509799.0,7.6
2005,122,22,62.0,294140,24149632.0,7.6
2004,103,194,46.0,379020,56000369.0,7.6
2008,124,137,67.0,83158,3081925.0,7.6
2004,105,137,73.0,65939,697181.0,7.6
2003,93,105,45.0,67360,548707.0,7.6
2004,133,168,76.0,70925,6167817.0,7.6
2003,89,100,81.0,67370,5739376.0,7.6
2003,124,132,70.0,224545,16290476.0,7.6
2002,129,132,56.0,62659,45289.0,7.6
2004,106,86,67.0,198677,51680613.0,7.6
2002,135,137,68.0,169708,13060843.0,7.6
2004,113,177,30.0,451479,57938693.0,7.6
2002,113,160,73.0,376853,45064915.0,7.6
2001,110,100,76.0,266842,52364010.0,7.6
2001,106,137,88.0,115827,13622333.0,7.6
2001,152,55,64.0,658185,317575550.0,7.6
2001,101,194,74.0,337651,96522687.0,7.6
2001,124,84,52.0,240714,52990775.0,7.6
2001,131,157,53.0,243729,51401758.0,7.6
2002,145,23,80.0,508417,132072926.0,7.6
1999,146,90,74.0,91557,50668906.0,7.6
2000,101,95,64.0,490062,15070285.0,7.6
1998,81,132,77.0,188317,7267585.0,7.6
1998,170,182,78.0,172710,36400491.0,7.6
1998,88,69,71.0,256906,120620254.0,7.6
1998,118,40,41.0,259753,10680275.0,7.6
1998,100,198,66.0,187927,14378331.0,7.6
1996,147,132,49.0,186734,49100000.0,7.6
1997,134,199,52.0,131101,3796699.0,7.6
1995,136,172,84.0,102598,43182776.0,7.6
1995,128,12,58.0,364420,100012499.0,7.6
1995,121,47,62.0,90442,1037847.0,7.6
1995,135,172,69.0,73172,71516617.0,7.6
PG,140,48,77.0,269197,173837933.0,7.6
1994,92,105,88.0,64390,1464625.0,7.6
1993,113,22,56.0,171640,40903593.0,7.6
1993,102,93,78.0,165465,7993039.0,7.6
1992,120,94,68.0,107325,52929168.0,7.6
1991,118,79,90.0,27071,453243.0,7.6
1991,99,94,66.0,80487,1794187.0,7.6
1990,103,108,63.0,488817,285761243.0,7.6
1990,162,122,60.0,359809,66666062.0,7.6
1989,95,105,76.0,195663,92823600.0,7.6
1989,83,81,88.0,237696,111543479.0,7.6
1988,85,94,76.0,152871,78756177.0,7.6
1987,93,100,72.0,124773,49530280.0,7.6
1987,109,24,68.0,236894,65207127.0,7.6
1984,99,132,82.0,87745,2150000.0,7.6
1981,109,137,68.0,27650,119285432.0,7.6
1981,96,11,77.0,166588,12465371.0,7.6
1979,92,24,65.0,93878,22490039.0,7.6
1979,95,41,74.0,32802,76657000.0,7.6
1979,112,15,76.0,121731,43000000.0,7.6
1978,121,84,59.0,73662,35000000.0,7.6
1977,138,176,90.0,184966,132088635.0,7.6
1973,112,95,87.0,26337,959000.0,7.6
1971,157,183,77.0,30144,696690.0,7.6
1970,144,45,50.0,45338,1378435.0,7.6
1967,78,69,65.0,166409,141843612.0,7.6
1964,87,114,96.0,40351,13780024.0,7.6
1953,118,175,85.0,43374,30500000.0,7.6
